,id,full_name,road_segment_wkt
0,606114469,Northern Mtwy,"LINESTRING(174.76028 -36.80417,174.76041 -36.80389)"
1,606114470,Northern Mtwy,"LINESTRING(174.76043 -36.80419,174.76053 -36.80397)"
2,606114471,Northern Mtwy,"LINESTRING(174.76009 -36.80453,174.76028 -36.80417)"
3,606114472,Northern Mtwy,"LINESTRING(174.76022 -36.80458,174.76043 -36.80419)"
4,605961478,Northern Mtwy,"LINESTRING(174.74429 -36.77469,174.74387 -36.77401,174.74337 -36.77316,174.74301 -36.77252,174.74267 -36.77189,174.74262 -36.7718)"
5,605964923,417,"LINESTRING(174.74429 -36.77469,174.74396 -36.77443,174.74383 -36.77424)"
6,606092275,Northern Mtwy,"LINESTRING(174.74514 -36.7761,174.74429 -36.77469)"
7,606097428,Northern Mtwy,"LINESTRING(174.74492 -36.77546,174.74464 -36.77502)"
8,606121831,Entries,"LINESTRING(174.74402 -36.77713,174.74403 -36.77703,174.74404 -36.77694,174.74404 -36.77682)"
9,606211389,Entries,"LINESTRING(174.74049 -36.76982,174.74056 -36.76981,174.74062 -36.76977)"
10,606211391,Entries,"LINESTRING(174.74062 -36.76977,174.74063 -36.76971,174.74061 -36.76966)"
11,606211392,Entries,"LINESTRING(174.74061 -36.76966,174.74057 -36.76962,174.7405 -36.7696,174.74043 -36.76961,174.74038 -36.76963)"
12,606211393,Entries,"LINESTRING(174.74049 -36.76982,174.74042 -36.76981)"
13,606211395,Entries,"LINESTRING(174.74061 -36.76966,174.74065 -36.76961,174.7407 -36.76958)"
14,605978198,Entries,"LINESTRING(174.75419 -36.81115,174.75512 -36.81042)"
15,606104454,Northern Mtwy,"LINESTRING(174.7235 -36.74755,174.72341 -36.74742,174.72321 -36.74714)"
16,606105468,Northern Mtwy,"LINESTRING(174.72336 -36.74758,174.72306 -36.74716)"
17,605950370,Entries,"LINESTRING(174.71663 -36.73574,174.7168 -36.73577,174.71715 -36.73593,174.71728 -36.73596,174.71742 -36.73595,174.71753 -36.73591,174.71761 -36.73586,174.71768 -36.7358,174.71772 -36.73575,174.71774 -36.73568,174.71773 -36.73555,174.71771 -36.7355)"
18,605977523,Entries,"LINESTRING(174.71735 -36.73619,174.71663 -36.73574)"
19,606049913,Northern Mtwy,"LINESTRING(174.71898 -36.73769,174.71884 -36.73734,174.71874 -36.73709,174.71857 -36.73672,174.71843 -36.73641,174.71822 -36.73599,174.71802 -36.7356,174.71795 -36.73547)"
20,606104451,Northern Mtwy,"LINESTRING(174.719 -36.73809,174.71885 -36.73769)"
21,606104452,Northern Mtwy,"LINESTRING(174.71885 -36.73769,174.71872 -36.73736,174.7186 -36.73709,174.71846 -36.73677,174.71831 -36.73645,174.71812 -36.73605,174.71791 -36.73565,174.71778 -36.73541)"
22,606104453,Northern Mtwy,"LINESTRING(174.71913 -36.73808,174.71898 -36.73769)"
23,606208964,Entries,"LINESTRING(174.71774 -36.7365,174.71735 -36.73619)"
24,606212185,Entries,"LINESTRING(174.71782 -36.73434,174.71781 -36.73426,174.71784 -36.73418,174.71792 -36.73411)"
25,606212188,Entries,"LINESTRING(174.71804 -36.73444,174.71815 -36.73442)"
26,606212189,Entries,"LINESTRING(174.71775 -36.73455,174.71785 -36.73451,174.71791 -36.73449,174.71796 -36.73447,174.71804 -36.73444)"
27,605971071,Northern Mtwy,"LINESTRING(174.74547 -36.77633,174.74529 -36.77605,174.74492 -36.77546)"
28,605993654,Entries,"LINESTRING(174.74336 -36.77581,174.74358 -36.77574,174.74363 -36.77575)"
29,606092274,Northern Mtwy,"LINESTRING(174.74559 -36.77681,174.74514 -36.7761)"
30,606094518,Northern Mtwy,"LINESTRING(174.74775 -36.78025,174.74752 -36.77989)"
31,605998548,Entries,"LINESTRING(174.71339 -36.7181,174.71332 -36.71801)"
32,606121436,Entries,"LINESTRING(174.71237 -36.71903,174.71223 -36.71878)"
33,606121438,Entries,"LINESTRING(174.71237 -36.71903,174.71221 -36.71898,174.71208 -36.71897,174.7119 -36.71898)"
34,605947476,Entries,"LINESTRING(174.71815 -36.73442,174.71823 -36.73435,174.71826 -36.73426,174.71821 -36.73417)"
35,605955928,Entries,"LINESTRING(174.71771 -36.7355,174.71769 -36.73545,174.71764 -36.73536,174.71738 -36.7349,174.71706 -36.73433,174.71688 -36.73395)"
36,606058259,Northern Mtwy,"LINESTRING(174.71756 -36.73502,174.71745 -36.73483,174.71727 -36.73454,174.71708 -36.73423,174.71688 -36.73395)"
37,606083450,Northern Mtwy,"LINESTRING(174.71778 -36.73541,174.71756 -36.73502)"
38,606104448,Northern Mtwy,"LINESTRING(174.71688 -36.73395,174.71669 -36.73365,174.71652 -36.73337,174.71636 -36.73309,174.71625 -36.73288,174.71612 -36.73263,174.71596 -36.73231,174.7158 -36.73193,174.71565 -36.73157,174.71551 -36.73118)"
39,606104449,Northern Mtwy,"LINESTRING(174.71795 -36.73547,174.71789 -36.73536,174.71777 -36.73514,174.71766 -36.73496,174.71753 -36.73474,174.71739 -36.73451,174.71719 -36.73419,174.71703 -36.73391)"
40,606104450,Northern Mtwy,"LINESTRING(174.71703 -36.73391,174.71685 -36.73362,174.71666 -36.73331,174.7165 -36.73303,174.71639 -36.73283,174.71627 -36.73258,174.71611 -36.73227,174.71595 -36.73189,174.7158 -36.73152,174.71567 -36.73116)"
41,606208963,Entries,"LINESTRING(174.71795 -36.73669,174.71774 -36.7365)"
42,606092273,Northern Mtwy,"LINESTRING(174.75281 -36.78803,174.75201 -36.78675,174.75138 -36.78574)"
43,606091780,Entries,"LINESTRING(174.71223 -36.71878,174.71218 -36.71868)"
44,606102620,Entries,"LINESTRING(174.71317 -36.72263,174.71318 -36.72239)"
45,606103350,Entries,"LINESTRING(174.71366 -36.722,174.71352 -36.72125)"
46,606104482,Northern Mtwy,"LINESTRING(174.71432 -36.72262,174.71415 -36.72208)"
47,606108956,Northern Mtwy,"LINESTRING(174.71415 -36.72262,174.71407 -36.72231,174.714 -36.72206)"
48,606220662,Entries,"LINESTRING(174.71318 -36.72239,174.7126 -36.72234)"
49,605977498,Entries,"LINESTRING(174.76036 -36.80096,174.76022 -36.80076)"
50,606051139,Entries,"LINESTRING(174.75933 -36.80155,174.75919 -36.80145)"
51,606075211,Entries,"LINESTRING(174.75991 -36.80018,174.75998 -36.79995)"
52,606115706,Entries,"LINESTRING(174.76176 -36.79894,174.76159 -36.79866)"
53,606115707,Entries,"LINESTRING(174.76196 -36.79882,174.76177 -36.79876,174.76159 -36.79866)"
54,606115723,Northern Busway,"LINESTRING(174.76214 -36.80024,174.76224 -36.79972,174.76225 -36.7993,174.76222 -36.7991,174.76218 -36.799)"
55,606115732,Entries,"LINESTRING(174.76176 -36.79912,174.76176 -36.79894)"
56,606117101,Northern Mtwy,"LINESTRING(174.76125 -36.79948,174.7612 -36.7993)"
57,605942507,Entries,"LINESTRING(174.7433 -36.77203,174.74315 -36.77174)"
58,605954384,Entries,"LINESTRING(174.74265 -36.77253,174.74231 -36.77202)"
59,605960802,Entries,"LINESTRING(174.74265 -36.77253,174.74245 -36.77232,174.74227 -36.77223,174.74211 -36.77219,174.74192 -36.77217)"
60,606101973,Northern Mtwy,"LINESTRING(174.74276 -36.77163,174.74251 -36.77115,174.74209 -36.77036,174.74182 -36.76983,174.74148 -36.76919,174.7411 -36.76845)"
61,606024131,417,"LINESTRING(174.7422 -36.77011,174.74162 -36.76919,174.74113 -36.76841,174.74102 -36.76829)"
62,606033556,Northern Mtwy,"LINESTRING(174.7411 -36.76845,174.74102 -36.76829)"
63,606097430,Northern Mtwy,"LINESTRING(174.74104 -36.76878,174.7408 -36.76831)"
64,606104784,Northern Busway,"LINESTRING(174.74227 -36.77009,174.74122 -36.76834,174.74056 -36.76696)"
65,605972031,Entries,"LINESTRING(174.71445 -36.72399,174.71433 -36.72358)"
66,606234560,Entries,"LINESTRING(174.71318 -36.72239,174.71328 -36.72234)"
67,606092271,Northern Mtwy,"LINESTRING(174.76053 -36.80397,174.76076 -36.80343,174.76097 -36.8029)"
68,606092272,Northern Mtwy,"LINESTRING(174.76041 -36.80389,174.76071 -36.80312,174.76082 -36.80283)"
69,606115710,Entries,"LINESTRING(174.76097 -36.8029,174.76124 -36.80249,174.76154 -36.80169)"
70,605975283,Entries,"LINESTRING(174.76054 -36.7965,174.7606 -36.79645,174.76069 -36.79643,174.76078 -36.79645,174.76084 -36.7965)"
71,605995896,Entries,"LINESTRING(174.7613 -36.79767,174.76159 -36.79748)"
72,606115704,Northern Mtwy,"LINESTRING(174.76042 -36.79777,174.76016 -36.79744,174.76001 -36.79727)"
73,606115705,Entries,"LINESTRING(174.76036 -36.7998,174.76055 -36.79957,174.76064 -36.7994,174.76066 -36.79913,174.76063 -36.79884,174.76049 -36.79833,174.76035 -36.79805,174.76017 -36.79772,174.76003 -36.79749,174.76001 -36.79727)"
74,606115736,Northern Mtwy,"LINESTRING(174.76057 -36.79767,174.76046 -36.79753,174.76028 -36.79732,174.76013 -36.79715)"
75,606201010,Northern Busway,"LINESTRING(174.7613 -36.79767,174.76076 -36.79714)"
76,606209561,Northern Busway,"LINESTRING(174.76182 -36.79828,174.76168 -36.79809,174.7613 -36.79767)"
77,605965731,Northern Mtwy,"LINESTRING(174.75021 -36.82148,174.75012 -36.82093,174.7501 -36.82073,174.75012 -36.82046)"
78,606115319,Northern Mtwy,"LINESTRING(174.75012 -36.82046,174.75012 -36.82008)"
79,605946934,Entries,"LINESTRING(174.73713 -36.76255,174.73707 -36.76252,174.73701 -36.76252)"
80,605999279,Entries,"LINESTRING(174.73695 -36.76264,174.73694 -36.76259,174.73697 -36.76255,174.73701 -36.76252)"
81,606058651,Entries,"LINESTRING(174.73709 -36.76269,174.73715 -36.76265,174.73716 -36.76259,174.73713 -36.76255)"
82,606079006,Entries,"LINESTRING(174.73709 -36.76269,174.73704 -36.7627,174.73698 -36.76268,174.73695 -36.76264)"
83,606120683,Entries,"LINESTRING(174.75388 -36.81346,174.75401 -36.81332,174.75415 -36.81315,174.75425 -36.81296,174.75428 -36.8128,174.75428 -36.81259,174.75422 -36.81239,174.75402 -36.81214)"
84,606120684,421,"LINESTRING(174.75245 -36.81353,174.75255 -36.81354,174.75282 -36.81352,174.75322 -36.81333,174.75356 -36.81303,174.75402 -36.81214)"
85,606120688,421,"LINESTRING(174.75245 -36.81353,174.75224 -36.81349)"
86,606116745,Northern Mtwy,"LINESTRING(174.75107 -36.81505,174.75121 -36.81483)"
87,605941937,Northern Mtwy,"LINESTRING(174.72767 -36.75242,174.72676 -36.7515,174.72641 -36.75112,174.72615 -36.75083,174.72605 -36.75072,174.72602 -36.75069)"
88,606092096,Northern Mtwy,"LINESTRING(174.72754 -36.75247,174.72697 -36.7519,174.72652 -36.75143,174.72626 -36.75115,174.72601 -36.75087,174.72592 -36.75076,174.72586 -36.75069)"
89,606092252,Entries,"LINESTRING(174.75148 -36.81486,174.75182 -36.81452,174.75201 -36.81435,174.75228 -36.81417,174.75253 -36.81402,174.75267 -36.81397,174.7529 -36.81389,174.75342 -36.81371,174.75368 -36.81359,174.75388 -36.81346)"
90,606092269,Northern Mtwy,"LINESTRING(174.75121 -36.81483,174.75139 -36.81459)"
91,606092270,Northern Mtwy,"LINESTRING(174.75143 -36.81494,174.75148 -36.81486)"
92,606112314,Northern Mtwy,"LINESTRING(174.74829 -36.82639,174.74854 -36.82601,174.74873 -36.82573)"
93,606112315,Northern Mtwy,"LINESTRING(174.74861 -36.82641,174.74879 -36.82613,174.74898 -36.82584)"
94,606114553,Northern Mtwy,"LINESTRING(174.74873 -36.82573,174.74898 -36.82535,174.74922 -36.82498,174.74957 -36.82445,174.74975 -36.82415,174.74987 -36.82395,174.74994 -36.8238,174.75001 -36.82364,174.75007 -36.82348,174.75011 -36.82335,174.75015 -36.82318,174.75018 -36.82298,174.75019 -36.8228,174.75018 -36.82256,174.75017 -36.8224,174.75015 -36.82224,174.75011 -36.82205,174.75004 -36.82175)"
95,606115339,Northern Mtwy,"LINESTRING(174.74898 -36.82584,174.74917 -36.82555,174.74934 -36.82529,174.74958 -36.82492,174.74984 -36.82454,174.75001 -36.82427,174.75015 -36.82403,174.75026 -36.82381)"
96,606125832,Northern Mtwy,"LINESTRING(174.74771 -36.82728,174.74796 -36.82688,174.74829 -36.82639)"
97,606125836,Northern Mtwy,"LINESTRING(174.74816 -36.82709,174.74823 -36.82698,174.74861 -36.82641)"
98,606125837,Northern Mtwy,"LINESTRING(174.74798 -36.82716,174.74812 -36.82695,174.74844 -36.82647)"
99,605958644,Entries,"LINESTRING(174.72669 -36.751,174.72652 -36.75072)"
100,605986970,Entries,"LINESTRING(174.72642 -36.75062,174.72611 -36.75029)"
101,606011793,Northern Mtwy,"LINESTRING(174.72602 -36.75069,174.72556 -36.75017,174.72533 -36.7499,174.72513 -36.74965,174.72458 -36.74898,174.72417 -36.74846,174.72401 -36.74824,174.72384 -36.74802,174.7237 -36.74783,174.7235 -36.74755)"
102,606014057,Entries,"LINESTRING(174.72557 -36.75086,174.72544 -36.75068)"
103,606046310,Entries,"LINESTRING(174.7266 -36.75056,174.72645 -36.7505,174.72635 -36.75044,174.72622 -36.75036,174.72611 -36.75029)"
104,606087665,Entries,"LINESTRING(174.72498 -36.75102,174.72521 -36.75091)"
105,606095171,Entries,"LINESTRING(174.72521 -36.75091,174.72529 -36.75087,174.72536 -36.75081,174.72542 -36.75075,174.72544 -36.75068)"
106,606095173,Entries,"LINESTRING(174.72605 -36.75142,174.72594 -36.75135,174.72585 -36.75127,174.72574 -36.75118,174.72563 -36.7511,174.72548 -36.75101)"
107,606098509,Entries,"LINESTRING(174.72669 -36.751,174.72669 -36.75093,174.72669 -36.75087)"
108,606098510,Entries,"LINESTRING(174.72669 -36.75087,174.72673 -36.75079,174.72679 -36.75072,174.72689 -36.75066,174.727 -36.7506,174.7271 -36.75056,174.72732 -36.75048)"
109,606098520,Northern Busway,"LINESTRING(174.72745 -36.75148,174.72731 -36.75136,174.72701 -36.75111,174.72669 -36.751)"
110,606095184,Northern Mtwy,"LINESTRING(174.73189 -36.7564,174.73142 -36.75597,174.73057 -36.75523,174.73001 -36.75477,174.72915 -36.75402,174.72866 -36.75357,174.72822 -36.75316,174.72754 -36.75247)"
111,606098528,Northern Busway,"LINESTRING(174.73261 -36.7565,174.73125 -36.75523,174.7301 -36.75412,174.72899 -36.75308)"
112,606098529,Northern Busway,"LINESTRING(174.72899 -36.75308,174.72803 -36.75216,174.72788 -36.75192,174.72745 -36.75148)"
113,606232984,Entries,"LINESTRING(174.72891 -36.7519,174.7286 -36.75162,174.72808 -36.75109)"
114,605945760,Entries,"LINESTRING(174.7534 -36.78773,174.75319 -36.78771,174.75302 -36.78764)"
115,605952511,Entries,"LINESTRING(174.75215 -36.78879,174.75232 -36.78875,174.75243 -36.78875,174.75255 -36.78875)"
116,605958606,Entries,"LINESTRING(174.75332 -36.78813,174.75321 -36.78791)"
117,605965986,Entries,"LINESTRING(174.75321 -36.78791,174.75302 -36.78764)"
118,605969215,Entries,"LINESTRING(174.7524 -36.78857,174.7523 -36.78846)"
119,605979136,Entries,"LINESTRING(174.75262 -36.78883,174.75255 -36.78875)"
120,606072784,Entries,"LINESTRING(174.75255 -36.78875,174.7524 -36.78857)"
121,606132795,Northern Mtwy,"LINESTRING(174.74464 -36.77502,174.74402 -36.77398,174.74366 -36.77332)"
122,606132796,Northern Mtwy,"LINESTRING(174.74366 -36.77332,174.74353 -36.77308,174.74287 -36.77183,174.74276 -36.77163)"
123,606133511,Entries,"LINESTRING(174.74313 -36.77321,174.74293 -36.77291,174.74286 -36.77281)"
124,606133512,Entries,"LINESTRING(174.74286 -36.77281,174.74277 -36.77268)"
125,606133513,Entries,"LINESTRING(174.74277 -36.77268,174.74265 -36.77253)"
126,606133514,Entries,"LINESTRING(174.74383 -36.77424,174.74365 -36.77399)"
127,606133515,Entries,"LINESTRING(174.74365 -36.77399,174.74313 -36.77321)"
128,606144968,Entries,"LINESTRING(174.74492 -36.77546,174.74447 -36.77451,174.74412 -36.77384,174.74388 -36.77328)"
129,606162065,Entries,"LINESTRING(174.74386 -36.77154,174.74341 -36.77156,174.74327 -36.77154,174.74318 -36.77149)"
130,606162066,Entries,"LINESTRING(174.74318 -36.77149,174.74296 -36.77137)"
131,606162068,Entries,"LINESTRING(174.7433 -36.77203,174.74338 -36.77195)"
132,606162078,Northern Busway,"LINESTRING(174.74455 -36.77455,174.74418 -36.77381,174.7435 -36.77225,174.74345 -36.77211,174.74338 -36.77195,174.74328 -36.7717,174.74325 -36.77162,174.74318 -36.77149)"
133,606177139,Entries,"LINESTRING(174.74388 -36.77328,174.74372 -36.77293)"
134,606177140,Entries,"LINESTRING(174.74372 -36.77293,174.7433 -36.77203)"
135,606177192,Entries,"LINESTRING(174.74221 -36.77176,174.74217 -36.77165)"
136,606177193,Entries,"LINESTRING(174.74217 -36.77165,174.74197 -36.77117,174.74169 -36.77048)"
137,606179363,Entries,"LINESTRING(174.74338 -36.77195,174.74345 -36.77189)"
138,606179364,Entries,"LINESTRING(174.74345 -36.77189,174.7436 -36.77174,174.74371 -36.77165,174.74386 -36.77154)"
139,606127803,Northern Mtwy,"LINESTRING(174.75997 -36.80476,174.76009 -36.80453)"
140,606127804,Northern Mtwy,"LINESTRING(174.76008 -36.80484,174.76022 -36.80458)"
141,606131756,Northern Mtwy,"LINESTRING(174.76082 -36.80283,174.76105 -36.80221,174.76115 -36.80193,174.76122 -36.8017,174.76127 -36.8015,174.76132 -36.80125,174.76135 -36.80095,174.76137 -36.80066,174.76137 -36.80047,174.76136 -36.80022,174.76134 -36.79999,174.76131 -36.79979,174.76128 -36.79962)"
142,606132939,Northern Mtwy,"LINESTRING(174.76097 -36.8029,174.76114 -36.80245,174.76126 -36.80213,174.76139 -36.80173,174.76146 -36.80144,174.76152 -36.8011,174.76155 -36.80079,174.76156 -36.80053)"
143,606133498,Northern Mtwy,"LINESTRING(174.75898 -36.80622,174.75915 -36.806,174.75929 -36.80581,174.75949 -36.80553,174.75969 -36.80522,174.75984 -36.80498,174.75997 -36.80476)"
144,606144135,420,"LINESTRING(174.76041 -36.80389,174.76056 -36.80318)"
145,606162034,Entries,"LINESTRING(174.76056 -36.80318,174.76071 -36.80228,174.76073 -36.80185)"
146,606162035,Entries,"LINESTRING(174.76073 -36.80185,174.76068 -36.8016)"
147,606162052,Northern Busway,"LINESTRING(174.76052 -36.80421,174.76099 -36.80331,174.76129 -36.80251)"
148,606162058,Northern Busway,"LINESTRING(174.76032 -36.8046,174.76037 -36.80452,174.76052 -36.80421)"
149,606162059,Northern Busway,"LINESTRING(174.76002 -36.80451,174.7601 -36.80438,174.76019 -36.80414)"
150,606162063,Northern Busway,"LINESTRING(174.76129 -36.80251,174.76177 -36.8013,174.762 -36.80072,174.76214 -36.80024)"
151,606162072,Northern Busway,"LINESTRING(174.7603 -36.80387,174.76047 -36.80315,174.76059 -36.80227,174.7606 -36.80204,174.76073 -36.80185)"
152,606162076,Northern Busway,"LINESTRING(174.76019 -36.80414,174.7603 -36.80387)"
153,606171667,Northern Busway,"LINESTRING(174.76017 -36.80486,174.76032 -36.8046)"
154,606171676,Northern Busway,"LINESTRING(174.75989 -36.80474,174.76002 -36.80451)"
155,606194164,Entries,"LINESTRING(174.75963 -36.79925,174.75954 -36.79887)"
156,606127651,Northern Mtwy,"LINESTRING(174.71945 -36.73906,174.71938 -36.73885,174.71933 -36.73869,174.71926 -36.73847,174.71919 -36.73824,174.71913 -36.73808)"
157,606134398,Entries,"LINESTRING(174.71837 -36.73513,174.7183 -36.73483,174.71819 -36.73453)"
158,606134399,Entries,"LINESTRING(174.71819 -36.73453,174.71815 -36.73442)"
159,606134400,Entries,"LINESTRING(174.71857 -36.73604,174.71837 -36.73513)"
160,606134401,Entries,"LINESTRING(174.71898 -36.73769,174.71869 -36.73655)"
161,606134402,Entries,"LINESTRING(174.71869 -36.73655,174.71857 -36.73604)"
162,606134526,412,"LINESTRING(174.719 -36.73809,174.71868 -36.73762,174.71849 -36.73729,174.71826 -36.73699,174.71795 -36.73669)"
163,606134533,Entries,"LINESTRING(174.71792 -36.73411,174.71777 -36.73391)"
164,606134534,Entries,"LINESTRING(174.71777 -36.73391,174.71761 -36.73374,174.71741 -36.73348)"
165,606144924,Northern Mtwy,"LINESTRING(174.71932 -36.73909,174.71926 -36.73888,174.71919 -36.73866,174.7191 -36.73838)"
166,606144925,Northern Mtwy,"LINESTRING(174.7191 -36.73838,174.719 -36.73809)"
167,606144926,Northern Mtwy,"LINESTRING(174.71954 -36.73984,174.71943 -36.73943,174.71937 -36.73924,174.71932 -36.73909)"
168,606147831,Northern Mtwy,"LINESTRING(174.71988 -36.74122,174.7196 -36.7401,174.71954 -36.73984)"
169,606147833,412,"LINESTRING(174.71741 -36.73348,174.71707 -36.73304)"
170,606149560,Entries,"LINESTRING(174.71821 -36.73417,174.71815 -36.73411)"
171,606149561,Entries,"LINESTRING(174.71792 -36.73411,174.71804 -36.73408,174.71815 -36.73411)"
172,606127650,Northern Mtwy,"LINESTRING(174.72145 -36.74449,174.7213 -36.74424,174.7211 -36.74388,174.72092 -36.74354,174.72073 -36.74314,174.72057 -36.74279,174.7204 -36.74239,174.72028 -36.74206,174.72021 -36.74185,174.72011 -36.74152,174.72002 -36.74121,174.71994 -36.74089,174.71987 -36.74061,174.71974 -36.74004,174.71968 -36.73982,174.7196 -36.73953,174.71952 -36.7393,174.71945 -36.73906)"
173,606127825,Northern Mtwy,"LINESTRING(174.72306 -36.74716,174.72249 -36.74633)"
174,606127826,Northern Mtwy,"LINESTRING(174.72249 -36.74633,174.72215 -36.74583,174.7217 -36.74515,174.72152 -36.74487,174.72142 -36.74471,174.72133 -36.74456)"
175,606127827,Northern Mtwy,"LINESTRING(174.72321 -36.74714,174.72262 -36.74629)"
176,606127828,Northern Mtwy,"LINESTRING(174.72262 -36.74629,174.72226 -36.74573,174.72171 -36.74492,174.72145 -36.74449)"
177,606184199,Entries,"LINESTRING(174.72407 -36.74873,174.72368 -36.74819,174.72337 -36.74773,174.72306 -36.74716)"
178,606132476,Northern Mtwy,"LINESTRING(174.72441 -36.74897,174.72428 -36.74881,174.72395 -36.74838,174.72371 -36.74805,174.72336 -36.74758)"
179,606141244,414,"LINESTRING(174.72565 -36.74981,174.72513 -36.74929,174.72476 -36.74891,174.72445 -36.74858,174.72422 -36.74831,174.72388 -36.74791,174.72368 -36.74769,174.7235 -36.74755)"
180,606177033,Northern Mtwy,"LINESTRING(174.7349 -36.7589,174.7343 -36.7584,174.73381 -36.75799,174.73311 -36.7574)"
181,606178292,Northern Mtwy,"LINESTRING(174.732 -36.75622,174.73165 -36.75594,174.73118 -36.75555,174.73094 -36.75535,174.73073 -36.75518,174.73037 -36.75489)"
182,606178293,Northern Mtwy,"LINESTRING(174.73037 -36.75489,174.72985 -36.75445,174.72922 -36.7539,174.72873 -36.75345,174.72829 -36.75303,174.72767 -36.75242)"
183,606184195,Entries,"LINESTRING(174.732 -36.75622,174.73179 -36.756,174.73148 -36.75573,174.73092 -36.75522,174.73024 -36.75459)"
184,606184196,Entries,"LINESTRING(174.73024 -36.75459,174.72963 -36.75401)"
185,606184197,Entries,"LINESTRING(174.72478 -36.74971,174.72452 -36.74936)"
186,606184198,Entries,"LINESTRING(174.72452 -36.74936,174.72407 -36.74873)"
187,606162069,Northern Busway,"LINESTRING(174.74056 -36.76696,174.73976 -36.76482,174.73914 -36.76351,174.73884 -36.76285,174.73824 -36.76193,174.73757 -36.76097,174.7363 -36.75951,174.73429 -36.75783,174.73261 -36.7565)"
188,606177032,Northern Mtwy,"LINESTRING(174.7402 -36.76693,174.74 -36.7664,174.73982 -36.76592,174.73957 -36.76524,174.73949 -36.76505,174.73931 -36.76465,174.73907 -36.76415,174.73892 -36.76385,174.73855 -36.76319,174.73816 -36.76257,174.73787 -36.76214,174.7377 -36.76189,174.73754 -36.76168,174.7372 -36.76124,174.73678 -36.76074,174.73654 -36.76047,174.73638 -36.7603,174.73614 -36.76005,174.73591 -36.75982,174.73574 -36.75965,174.7354 -36.75935,174.73511 -36.75909,174.7349 -36.7589)"
189,606177131,Northern Mtwy,"LINESTRING(174.74038 -36.76684,174.74002 -36.76586,174.73978 -36.76524,174.73958 -36.76475,174.73945 -36.76445,174.73929 -36.76413,174.73913 -36.76381,174.73894 -36.76345,174.73879 -36.76318,174.73863 -36.76291,174.73838 -36.76251)"
190,606177132,Northern Mtwy,"LINESTRING(174.73838 -36.76251,174.73806 -36.76203)"
191,606127541,Northern Mtwy,"LINESTRING(174.74574 -36.77676,174.74547 -36.77633)"
192,606133510,Northern Mtwy,"LINESTRING(174.74641 -36.77811,174.74559 -36.77681)"
193,606162074,Northern Busway,"LINESTRING(174.74789 -36.77992,174.74748 -36.77927,174.74498 -36.77531,174.74455 -36.77455)"
194,606177141,Northern Mtwy,"LINESTRING(174.74773 -36.77991,174.74752 -36.77957,174.74713 -36.77894,174.74678 -36.77839)"
195,606132475,Northern Mtwy,"LINESTRING(174.72586 -36.75069,174.7256 -36.75041,174.7253 -36.75006,174.72504 -36.74974,174.72471 -36.74934,174.72441 -36.74897)"
196,606133072,Entries,"LINESTRING(174.72544 -36.75068,174.72538 -36.7506)"
197,606133073,Entries,"LINESTRING(174.72538 -36.7506,174.72499 -36.75001,174.72478 -36.74971)"
198,606141227,Entries,"LINESTRING(174.72611 -36.75029,174.72583 -36.74999,174.72565 -36.74981)"
199,606141242,Entries,"LINESTRING(174.72605 -36.75142,174.72582 -36.75116)"
200,606141243,Entries,"LINESTRING(174.72582 -36.75116,174.72566 -36.75097)"
201,606147830,Northern Mtwy,"LINESTRING(174.72133 -36.74456,174.72122 -36.74437,174.72105 -36.74407,174.7208 -36.74361,174.72059 -36.74318,174.72044 -36.74285,174.72035 -36.74264,174.72027 -36.74243,174.72015 -36.74209,174.72007 -36.74185,174.71997 -36.74154,174.71988 -36.74122)"
202,606117461,410,"LINESTRING(174.71415 -36.72262,174.71411 -36.72255,174.71406 -36.72246,174.71398 -36.72232,174.71383 -36.72196)"
203,606127604,Northern Mtwy,"LINESTRING(174.71462 -36.724,174.71457 -36.72373,174.71452 -36.7235)"
204,606127605,Northern Mtwy,"LINESTRING(174.71452 -36.7235,174.71444 -36.72314,174.71438 -36.72286,174.71432 -36.72262)"
205,606127606,Northern Mtwy,"LINESTRING(174.71445 -36.72399,174.71439 -36.72369,174.71436 -36.72351)"
206,606127607,Northern Mtwy,"LINESTRING(174.71436 -36.72351,174.71428 -36.72317,174.71422 -36.7229,174.71415 -36.72262)"
207,606133323,Northern Mtwy,"LINESTRING(174.71474 -36.72483,174.71467 -36.72435)"
208,606133324,Northern Mtwy,"LINESTRING(174.71467 -36.72435,174.71466 -36.72426,174.71464 -36.72413,174.71462 -36.724)"
209,606143766,Entries,"LINESTRING(174.71344 -36.71835,174.71339 -36.7181)"
210,606143768,Entries,"LINESTRING(174.71344 -36.71835,174.71348 -36.71823,174.71362 -36.71797)"
211,606143769,Entries,"LINESTRING(174.71332 -36.71801,174.7131 -36.71774)"
212,606143772,Entries,"LINESTRING(174.71354 -36.71788,174.71338 -36.71788,174.71332 -36.71787,174.7131 -36.71774)"
213,606143773,Entries,"LINESTRING(174.71415 -36.72208,174.71397 -36.72096,174.71385 -36.72036)"
214,606143774,Entries,"LINESTRING(174.71385 -36.72036,174.71344 -36.71835)"
215,606143835,Entries,"LINESTRING(174.71218 -36.71868,174.71207 -36.71843)"
216,606143836,Entries,"LINESTRING(174.71191 -36.71883,174.71198 -36.71874,174.71206 -36.71857,174.71207 -36.71843)"
217,606143842,410,"LINESTRING(174.71383 -36.72196,174.71364 -36.7215,174.71352 -36.72125)"
218,606143843,410,"LINESTRING(174.71257 -36.7194,174.71237 -36.71903)"
219,606143844,410,"LINESTRING(174.71289 -36.71997,174.71268 -36.7196)"
220,606143845,410,"LINESTRING(174.71268 -36.7196,174.71257 -36.7194)"
221,606153435,Northern Mtwy,"LINESTRING(174.71472 -36.72621,174.71465 -36.72559,174.71459 -36.72499,174.71454 -36.72454,174.7145 -36.72427,174.71445 -36.72399)"
222,606176748,410,"LINESTRING(174.71352 -36.72125,174.7133 -36.72078)"
223,606176749,410,"LINESTRING(174.7133 -36.72078,174.71305 -36.72026,174.71289 -36.71997)"
224,606184201,Northern Mtwy,"LINESTRING(174.71389 -36.7217,174.71368 -36.72107,174.71352 -36.72066)"
225,606184202,Northern Mtwy,"LINESTRING(174.71352 -36.72066,174.71329 -36.72008,174.71301 -36.71945,174.7128 -36.71898,174.71269 -36.71876,174.71259 -36.71857,174.71253 -36.71846,174.7124 -36.71824)"
226,606127838,Northern Mtwy,"LINESTRING(174.75091 -36.81655,174.75105 -36.81602,174.75113 -36.81569)"
227,606127840,Northern Mtwy,"LINESTRING(174.75526 -36.81049,174.75593 -36.80977)"
228,606127841,Northern Mtwy,"LINESTRING(174.75512 -36.81042,174.75587 -36.80962)"
229,606127861,Northern Mtwy,"LINESTRING(174.75036 -36.82169,174.75035 -36.82162)"
230,606127862,Northern Mtwy,"LINESTRING(174.75035 -36.82162,174.75025 -36.82105,174.7502 -36.82077,174.75012 -36.82046)"
231,606127863,Northern Mtwy,"LINESTRING(174.75004 -36.82175,174.74998 -36.82148)"
232,606127864,Northern Mtwy,"LINESTRING(174.74998 -36.82148,174.74986 -36.82105,174.74979 -36.82085,174.74973 -36.82064,174.7497 -36.82048)"
233,606129258,Northern Mtwy,"LINESTRING(174.75046 -36.81654,174.75063 -36.81599,174.75072 -36.81574,174.7508 -36.81555,174.7509 -36.81535,174.75107 -36.81505)"
234,606129259,Northern Mtwy,"LINESTRING(174.75401 -36.81181,174.75526 -36.81049)"
235,606129260,Northern Mtwy,"LINESTRING(174.75148 -36.81486,174.75158 -36.81469,174.75173 -36.81446,174.75197 -36.81413,174.75225 -36.81377)"
236,606129262,Northern Mtwy,"LINESTRING(174.75139 -36.81459,174.75162 -36.81428,174.75179 -36.81406,174.75213 -36.81363)"
237,606129263,Northern Mtwy,"LINESTRING(174.75213 -36.81363,174.75224 -36.81349)"
238,606129326,Northern Mtwy,"LINESTRING(174.75014 -36.82174,174.75002 -36.82129)"
239,606131661,Northern Mtwy,"LINESTRING(174.75225 -36.81377,174.75237 -36.81362)"
240,606131662,Northern Mtwy,"LINESTRING(174.75237 -36.81362,174.75245 -36.81353)"
241,606132001,Northern Mtwy,"LINESTRING(174.75224 -36.81349,174.75237 -36.81333)"
242,606132017,Northern Mtwy,"LINESTRING(174.75237 -36.81333,174.75259 -36.81307,174.75289 -36.81274,174.75351 -36.8121)"
243,606132753,Northern Mtwy,"LINESTRING(174.75245 -36.81353,174.75253 -36.81343)"
244,606133497,Northern Mtwy,"LINESTRING(174.75587 -36.80962,174.75642 -36.80903,174.7574 -36.80799,174.75784 -36.80752,174.75817 -36.80716,174.75843 -36.80688,174.75879 -36.80646,174.75898 -36.80622)"
245,606133500,Northern Mtwy,"LINESTRING(174.75012 -36.82008,174.75013 -36.8198,174.75016 -36.81959,174.75021 -36.81937,174.75027 -36.81913,174.75039 -36.81866,174.75053 -36.81809)"
246,606133501,Northern Mtwy,"LINESTRING(174.75053 -36.81809,174.75066 -36.81757,174.75074 -36.81722,174.75081 -36.81693,174.75091 -36.81655)"
247,606134662,Northern Mtwy,"LINESTRING(174.75038 -36.82182,174.75036 -36.82169)"
248,606144497,422,"LINESTRING(174.7497 -36.82048,174.74964 -36.82035,174.74956 -36.8201,174.74952 -36.81995,174.7495 -36.81981,174.74949 -36.81971,174.74949 -36.81959,174.74949 -36.81944,174.74949 -36.81925,174.7495 -36.81909,174.74952 -36.81896,174.74954 -36.81883,174.74957 -36.81871,174.74961 -36.81857,174.7497 -36.81823,174.74971 -36.81818)"
249,606144498,Entries,"LINESTRING(174.74971 -36.81818,174.74978 -36.81796,174.7499 -36.81757,174.74998 -36.81727)"
250,606144500,421,"LINESTRING(174.75139 -36.81459,174.75153 -36.81388,174.75154 -36.81368)"
251,606144975,Northern Mtwy,"LINESTRING(174.75593 -36.80977,174.75675 -36.8089)"
252,606144976,Northern Mtwy,"LINESTRING(174.75675 -36.8089,174.75789 -36.8077,174.75827 -36.80729,174.75854 -36.80699,174.75882 -36.80666,174.75913 -36.80628,174.7594 -36.80591,174.75965 -36.80552,174.75989 -36.80515,174.76008 -36.80484)"
253,606162055,421,"LINESTRING(174.75402 -36.81214,174.75407 -36.81205)"
254,606162056,Northern Mtwy,"LINESTRING(174.75351 -36.8121,174.75367 -36.81194,174.75373 -36.81188,174.7538 -36.81181)"
255,606162057,Northern Mtwy,"LINESTRING(174.75253 -36.81343,174.75286 -36.81305,174.75321 -36.81266,174.75354 -36.81231,174.75382 -36.81201,174.75388 -36.81195,174.75401 -36.81181)"
256,606171675,Northern Busway,"LINESTRING(174.75419 -36.81115,174.75456 -36.81078,174.75507 -36.81038,174.7578 -36.80748,174.7589 -36.80619,174.75961 -36.80522,174.75989 -36.80474)"
257,606000921,Northern Mtwy,"LINESTRING(174.75705 -36.79427,174.75647 -36.79365,174.75597 -36.79307)"
258,606115715,Entries,"LINESTRING(174.76078 -36.79669,174.76084 -36.79664,174.76086 -36.79657,174.76084 -36.7965)"
259,606115734,Northern Mtwy,"LINESTRING(174.76001 -36.79727,174.75971 -36.79696,174.75937 -36.79661,174.75891 -36.79614)"
260,606115735,Northern Mtwy,"LINESTRING(174.76013 -36.79715,174.75997 -36.79697,174.75976 -36.79674,174.75959 -36.79656,174.75937 -36.79634,174.75911 -36.79608)"
261,606127794,Northern Mtwy,"LINESTRING(174.75814 -36.79538,174.75705 -36.79427)"
262,606127800,Northern Mtwy,"LINESTRING(174.75832 -36.79529,174.75722 -36.79418)"
263,606127524,Northern Mtwy,"LINESTRING(174.75597 -36.79307,174.75558 -36.79259,174.75531 -36.79222)"
264,606127525,Northern Mtwy,"LINESTRING(174.75531 -36.79222,174.75505 -36.79186,174.75474 -36.79142,174.75445 -36.79098)"
265,606127526,Northern Mtwy,"LINESTRING(174.75722 -36.79418,174.75655 -36.79344,174.75617 -36.79299,174.75583 -36.79258,174.75549 -36.79214,174.75522 -36.79177)"
266,606127527,Northern Mtwy,"LINESTRING(174.75522 -36.79177,174.755 -36.79147,174.75484 -36.79123,174.75462 -36.79091)"
267,606132757,Northern Mtwy,"LINESTRING(174.75269 -36.78817,174.75185 -36.78683)"
268,606144980,419,"LINESTRING(174.75302 -36.78764,174.75277 -36.78733)"
269,606144981,419,"LINESTRING(174.75277 -36.78733,174.75221 -36.78664)"
270,606162073,Northern Busway,"LINESTRING(174.7532 -36.78752,174.75124 -36.78497)"
271,606162075,Northern Busway,"LINESTRING(174.7534 -36.78773,174.75333 -36.78766,174.7532 -36.78752)"
272,606162077,Northern Busway,"LINESTRING(174.75355 -36.78791,174.7534 -36.78773)"
273,606177163,Entries,"LINESTRING(174.7523 -36.78846,174.75185 -36.78737)"
274,606177164,Entries,"LINESTRING(174.75185 -36.78737,174.75118 -36.78576)"
275,606179724,Entries,"LINESTRING(174.75384 -36.78918,174.75332 -36.78813)"
276,606179723,Entries,"LINESTRING(174.75462 -36.79091,174.75461 -36.79085,174.75425 -36.79005,174.75411 -36.78971,174.75384 -36.78918)"
277,606127833,Northern Mtwy,"LINESTRING(174.73272 -36.75707,174.73189 -36.7564)"
278,606127834,Northern Mtwy,"LINESTRING(174.73806 -36.76203,174.73775 -36.76161,174.73758 -36.76138,174.73737 -36.76112,174.73707 -36.76075,174.73691 -36.76057,174.73673 -36.76037,174.73651 -36.76014,174.73618 -36.7598,174.73588 -36.75951,174.73566 -36.7593,174.73535 -36.75901,174.73484 -36.75857,174.73406 -36.75792,174.73351 -36.75746,174.73289 -36.75695)"
279,606127835,Northern Mtwy,"LINESTRING(174.73289 -36.75695,174.732 -36.75622)"
280,606134372,Entries,"LINESTRING(174.72919 -36.75357,174.72887 -36.75327,174.72816 -36.75253,174.7272 -36.75154,174.72669 -36.751)"
281,606134403,Entries,"LINESTRING(174.72963 -36.75401,174.72919 -36.75357)"
282,606141237,Entries,"LINESTRING(174.72758 -36.75282,174.72703 -36.75233,174.72653 -36.75188,174.72638 -36.75175)"
283,606141238,Entries,"LINESTRING(174.72638 -36.75175,174.72618 -36.75156,174.72605 -36.75142)"
284,606141963,414,"LINESTRING(174.73189 -36.7564,174.73155 -36.75622,174.7313 -36.75604,174.73102 -36.75583,174.73064 -36.75553)"
285,606141964,Entries,"LINESTRING(174.73064 -36.75553,174.72994 -36.75492,174.72856 -36.75372,174.72758 -36.75282)"
286,606144953,Northern Mtwy,"LINESTRING(174.73311 -36.7574,174.73272 -36.75707)"
287,606153432,Northern Mtwy,"LINESTRING(174.71529 -36.72975,174.7152 -36.72927,174.71512 -36.72869,174.71499 -36.72736,174.71492 -36.72663,174.71489 -36.72622)"
288,606153434,Northern Mtwy,"LINESTRING(174.71524 -36.73026,174.71511 -36.7297,174.715 -36.72901,174.71493 -36.7284,174.71481 -36.72725,174.71472 -36.72621)"
289,606153431,Entries,"LINESTRING(174.71489 -36.72622,174.71493 -36.72489,174.71498 -36.72463,174.71506 -36.72445,174.71532 -36.7243)"
290,606153433,Northern Mtwy,"LINESTRING(174.71489 -36.72622,174.7148 -36.72538,174.71474 -36.72483)"
291,606184200,Northern Mtwy,"LINESTRING(174.714 -36.72206,174.71394 -36.72186,174.71389 -36.7217)"
292,606127529,Northern Mtwy,"LINESTRING(174.7508 -36.78515,174.75026 -36.7843)"
293,606127530,Northern Mtwy,"LINESTRING(174.75026 -36.7843,174.74962 -36.78325,174.74905 -36.78234,174.7484 -36.7813,174.74775 -36.78025)"
294,606144986,Northern Mtwy,"LINESTRING(174.75025 -36.78394,174.74832 -36.78085,174.74773 -36.77991)"
295,606162079,Northern Busway,"LINESTRING(174.75049 -36.78376,174.74802 -36.78013,174.74789 -36.77992)"
296,606195082,Northern Busway,"LINESTRING(174.75124 -36.78497,174.75049 -36.78376)"
297,606127793,Northern Mtwy,"LINESTRING(174.75891 -36.79614,174.75814 -36.79538)"
298,606127798,Northern Mtwy,"LINESTRING(174.75911 -36.79608,174.75832 -36.79529)"
299,606127813,Northern Busway,"LINESTRING(174.76218 -36.799,174.76215 -36.7989,174.76209 -36.79874,174.762 -36.79854,174.76182 -36.79828)"
300,606131659,Northern Mtwy,"LINESTRING(174.76144 -36.79951,174.7614 -36.79936,174.76135 -36.79919,174.76129 -36.799)"
301,606131660,Northern Mtwy,"LINESTRING(174.76129 -36.799,174.76121 -36.7988,174.76112 -36.79858,174.76101 -36.79836,174.76089 -36.79815,174.76072 -36.79788,174.76057 -36.79767)"
302,606131757,Northern Mtwy,"LINESTRING(174.76128 -36.79962,174.76125 -36.79948)"
303,606131758,Northern Mtwy,"LINESTRING(174.7612 -36.7993,174.76114 -36.79912)"
304,606132997,Northern Mtwy,"LINESTRING(174.76114 -36.79912,174.76106 -36.79891,174.76094 -36.79863,174.7608 -36.79835,174.76064 -36.79809)"
305,606132998,Northern Mtwy,"LINESTRING(174.76064 -36.79809,174.76042 -36.79777)"
306,606143951,Entries,"LINESTRING(174.76125 -36.79813,174.76109 -36.79789,174.76068 -36.79741,174.75997 -36.79675,174.75945 -36.7963,174.75924 -36.79611,174.75911 -36.79608)"
307,606143952,Entries,"LINESTRING(174.76159 -36.79866,174.76149 -36.7985)"
308,606143953,Entries,"LINESTRING(174.76149 -36.7985,174.76136 -36.79828,174.76125 -36.79813)"
309,606157051,Northern Busway,"LINESTRING(174.76214 -36.80024,174.76232 -36.79983,174.76254 -36.7994,174.76274 -36.7991)"
310,606160261,Entries,"LINESTRING(174.76139 -36.79728,174.76078 -36.79669)"
311,606179619,Entries,"LINESTRING(174.76176 -36.80068,174.76179 -36.80054,174.76181 -36.7995,174.76184 -36.79928,174.76196 -36.79912)"
312,606179620,Entries,"LINESTRING(174.76196 -36.79912,174.76218 -36.799,174.76249 -36.79882)"
313,606179622,Entries,"LINESTRING(174.76119 -36.80013,174.76119 -36.7999,174.76115 -36.79966,174.76112 -36.79956,174.76107 -36.79939,174.76099 -36.7991,174.76086 -36.79872,174.76064 -36.79829,174.76049 -36.79801,174.76042 -36.79777)"
314,606185350,Entries,"LINESTRING(174.76078 -36.79669,174.76069 -36.79671,174.7606 -36.79669,174.76054 -36.79664,174.76052 -36.79657,174.76054 -36.7965)"
315,606236197,Entries,"LINESTRING(174.76084 -36.7965,174.76091 -36.79645)"
316,606240043,Entries,"LINESTRING(174.75966 -36.79938,174.75963 -36.79925)"
317,606241102,Entries,"LINESTRING(174.75968 -36.79969,174.75972 -36.79966,174.75973 -36.79962,174.7597 -36.79952)"
318,606241103,Entries,"LINESTRING(174.7597 -36.79952,174.75966 -36.79938)"
319,606245494,Entries,"LINESTRING(174.75759 -36.79557,174.75752 -36.79563,174.75733 -36.79572,174.75712 -36.79574,174.75702 -36.79573,174.75693 -36.79569,174.75686 -36.79553,174.75682 -36.79551,174.7566 -36.79551,174.75655 -36.79549,174.75628 -36.79535,174.75608 -36.79528,174.75593 -36.79527)"
320,606255515,Entries,"LINESTRING(174.76159 -36.79748,174.76139 -36.79728)"
321,606147834,412,"LINESTRING(174.71707 -36.73304,174.71648 -36.73228,174.71629 -36.73205,174.71598 -36.73162,174.71567 -36.73116)"
322,606133509,Northern Mtwy,"LINESTRING(174.74752 -36.77989,174.74641 -36.77811)"
323,606188403,Northern Mtwy,"LINESTRING(174.74678 -36.77839,174.74617 -36.77742)"
324,606188404,Northern Mtwy,"LINESTRING(174.74617 -36.77742,174.74593 -36.77706,174.74574 -36.77676)"
325,606179380,Northern Mtwy,"LINESTRING(174.75016 -36.81756,174.75046 -36.81654)"
326,606179400,Entries,"LINESTRING(174.75402 -36.81214,174.75382 -36.81201,174.75367 -36.81194,174.75338 -36.81185,174.75308 -36.81184,174.75282 -36.81189,174.75245 -36.812)"
327,606179403,421,"LINESTRING(174.75407 -36.81205,174.75424 -36.81183)"
328,606179404,421,"LINESTRING(174.75424 -36.81183,174.75441 -36.81161,174.75526 -36.81049)"
329,606179629,Northern Mtwy,"LINESTRING(174.75113 -36.81569,174.75131 -36.8152)"
330,606179630,Northern Mtwy,"LINESTRING(174.75131 -36.8152,174.75143 -36.81494)"
331,606180225,Northern Mtwy,"LINESTRING(174.7538 -36.81181,174.75403 -36.81158)"
332,606180226,Northern Mtwy,"LINESTRING(174.75403 -36.81158,174.75512 -36.81042)"
333,606180377,Northern Mtwy,"LINESTRING(174.75002 -36.82129,174.74991 -36.82095,174.74981 -36.82065)"
334,606180378,Northern Mtwy,"LINESTRING(174.74981 -36.82065,174.74974 -36.82037,174.74967 -36.82009)"
335,606180713,Northern Mtwy,"LINESTRING(174.7497 -36.82048,174.74967 -36.82037,174.74965 -36.82026,174.74967 -36.82009)"
336,606180720,Northern Mtwy,"LINESTRING(174.74967 -36.82009,174.74967 -36.81981,174.74968 -36.81954,174.74969 -36.81936,174.74971 -36.8192,174.74974 -36.81904,174.74988 -36.81851,174.75016 -36.81756)"
337,606181514,Entries,"LINESTRING(174.7479 -36.82428,174.74796 -36.82427)"
338,606181516,Entries,"LINESTRING(174.74796 -36.82427,174.74799 -36.82425,174.748 -36.82421)"
339,606239748,Northern Busway,"LINESTRING(174.75148 -36.81486,174.75179 -36.8147,174.75204 -36.81446,174.75237 -36.81424,174.7527 -36.81406,174.75309 -36.81392,174.75356 -36.81375,174.75383 -36.8136,174.75409 -36.81342,174.75428 -36.81319)"
340,606237050,Entries,"LINESTRING(174.75736 -36.8074,174.75746 -36.80722)"
341,606237060,Entries,"LINESTRING(174.75726 -36.80758,174.75736 -36.8074)"
342,606254121,Northern Busway,"LINESTRING(174.76076 -36.79714,174.76056 -36.79695,174.76008 -36.79651,174.75973 -36.79626,174.75925 -36.79595,174.7572 -36.79402,174.75592 -36.79251,174.75471 -36.79075,174.75355 -36.78791)"
343,606256913,Northern Busway,"LINESTRING(174.75428 -36.81319,174.7544 -36.81297,174.7545 -36.81279,174.75454 -36.81261,174.75457 -36.8124,174.75461 -36.81209,174.75468 -36.81175,174.75477 -36.81149,174.75488 -36.81123,174.75504 -36.81096,174.75532 -36.81055,174.75807 -36.80764,174.75897 -36.80664,174.75912 -36.80644,174.75983 -36.80547,174.76017 -36.80486)"
344,606236312,Entries,"LINESTRING(174.71343 -36.72233,174.71329 -36.72221)"
345,606236313,Entries,"LINESTRING(174.71328 -36.72234,174.71343 -36.72233)"
346,606236314,Entries,"LINESTRING(174.71328 -36.72234,174.71329 -36.72221)"
347,606236593,Entries,"LINESTRING(174.71433 -36.72358,174.7139 -36.72271,174.71343 -36.72233)"
348,606236634,Entries,"LINESTRING(174.71343 -36.72233,174.71365 -36.72225,174.71368 -36.72216,174.71366 -36.722)"
349,606238298,Entries,"LINESTRING(174.71329 -36.72221,174.71322 -36.72218,174.71261 -36.72214)"
350,606237571,Entries,"LINESTRING(174.72767 -36.75132,174.72789 -36.75119,174.72808 -36.75109)"
351,606237740,Entries,"LINESTRING(174.72745 -36.75148,174.72767 -36.75132)"
352,606246056,Northern Busway,"LINESTRING(174.72849 -36.7522,174.7286 -36.75211,174.72871 -36.75205,174.72883 -36.75199,174.72891 -36.7519)"
353,606127644,Northern Mtwy,"LINESTRING(174.71551 -36.73118,174.71536 -36.73068,174.71524 -36.73026)"
354,606127645,Northern Mtwy,"LINESTRING(174.71567 -36.73116,174.71549 -36.7306,174.71539 -36.73023)"
355,606144923,Northern Mtwy,"LINESTRING(174.71539 -36.73023,174.71529 -36.72975)"
356,606127542,Northern Mtwy,"LINESTRING(174.7408 -36.76831,174.7404 -36.76741)"
357,606127543,Northern Mtwy,"LINESTRING(174.7404 -36.76741,174.7402 -36.76693)"
358,606127544,Northern Mtwy,"LINESTRING(174.74102 -36.76829,174.74082 -36.76788,174.74062 -36.76743)"
359,606127546,Northern Mtwy,"LINESTRING(174.74062 -36.76743,174.74049 -36.76712,174.74038 -36.76684)"
360,606132477,Northern Mtwy,"LINESTRING(174.74262 -36.7718,174.74233 -36.77124,174.74173 -36.77009)"
361,606132478,Northern Mtwy,"LINESTRING(174.74173 -36.77009,174.74137 -36.76942,174.74104 -36.76878)"
362,606144962,Entries,"LINESTRING(174.74272 -36.77095,174.7422 -36.77011)"
363,606144963,Entries,"LINESTRING(174.74315 -36.77174,174.74296 -36.77137)"
364,606144964,Entries,"LINESTRING(174.74296 -36.77137,174.74272 -36.77095)"
365,606144969,Entries,"LINESTRING(174.74192 -36.77217,174.74214 -36.77189)"
366,606144970,Entries,"LINESTRING(174.74231 -36.77202,174.74221 -36.77176)"
367,606144971,Entries,"LINESTRING(174.74214 -36.77189,174.74221 -36.77176)"
368,606162099,Northern Busway,"LINESTRING(174.74318 -36.77149,174.74308 -36.7713,174.74245 -36.77038,174.74227 -36.77009)"
369,606177138,Entries,"LINESTRING(174.74169 -36.77048,174.74141 -36.76977,174.74104 -36.76878)"
370,606248418,Entries,"LINESTRING(174.7406 -36.77011,174.74055 -36.77002,174.74051 -36.76993,174.74049 -36.76982)"
371,606122091,Northern Mtwy,"LINESTRING(174.75276 -36.78829,174.75269 -36.78817)"
372,606128411,Northern Mtwy,"LINESTRING(174.75445 -36.79098,174.75349 -36.78947,174.75285 -36.78844)"
373,606128412,Northern Mtwy,"LINESTRING(174.75285 -36.78844,174.75276 -36.78829)"
374,606129267,Northern Mtwy,"LINESTRING(174.75462 -36.79091,174.75439 -36.79055,174.7535 -36.78913,174.753 -36.78833)"
375,606129268,Northern Mtwy,"LINESTRING(174.753 -36.78833,174.7529 -36.78818,174.75281 -36.78803)"
376,606144002,Entries,"LINESTRING(174.75289 -36.78915,174.75262 -36.78883)"
377,606144983,419,"LINESTRING(174.75445 -36.79098,174.75388 -36.79029,174.75344 -36.78978)"
378,606144984,419,"LINESTRING(174.75344 -36.78978,174.75289 -36.78915)"
379,606129327,Northern Mtwy,"LINESTRING(174.74783 -36.82723,174.74804 -36.82691)"
380,606129328,Northern Mtwy,"LINESTRING(174.74804 -36.82691,174.74851 -36.8262)"
381,606129329,Northern Mtwy,"LINESTRING(174.74844 -36.82647,174.74859 -36.82624,174.74871 -36.82606,174.74891 -36.82575,174.74936 -36.82508,174.74983 -36.82436,174.74994 -36.82418,174.75004 -36.824,174.75014 -36.8238,174.75022 -36.82362,174.75028 -36.82344,174.75033 -36.82321,174.75036 -36.82303,174.75037 -36.82287,174.75037 -36.82271,174.75036 -36.82255,174.75034 -36.82234,174.7503 -36.82206,174.75021 -36.82148)"
382,606129330,Northern Mtwy,"LINESTRING(174.74851 -36.8262,174.74882 -36.82572,174.74921 -36.82514,174.74963 -36.82449,174.74987 -36.82411,174.74998 -36.82391,174.75005 -36.82376,174.75012 -36.82361,174.75017 -36.82347,174.75021 -36.82333,174.75025 -36.82313,174.75028 -36.82292,174.75028 -36.82269,174.75025 -36.8224,174.75022 -36.82214,174.75018 -36.82192,174.75014 -36.82174)"
383,606134661,Northern Mtwy,"LINESTRING(174.75026 -36.82381,174.75031 -36.82369,174.75038 -36.82351,174.75043 -36.82333,174.75046 -36.82316,174.75048 -36.82297,174.75049 -36.82279,174.75048 -36.82259,174.75046 -36.82239,174.75044 -36.82222,174.75041 -36.82202,174.75038 -36.82182)"
384,606148945,Entries,"LINESTRING(174.748 -36.82421,174.74799 -36.82417,174.74796 -36.82415,174.74793 -36.82414)"
385,606148951,Entries,"LINESTRING(174.7479 -36.82428,174.74786 -36.82427,174.74783 -36.82425,174.74782 -36.82421)"
386,606148952,Entries,"LINESTRING(174.74782 -36.82421,174.74783 -36.82417,174.74786 -36.82415,174.74791 -36.82414,174.74793 -36.82414)"
387,606132940,Northern Mtwy,"LINESTRING(174.76156 -36.80053,174.76154 -36.80015,174.76152 -36.79995,174.76144 -36.79951)"
388,606133499,Entries,"LINESTRING(174.76047 -36.80113,174.76036 -36.80096)"
389,606133953,Entries,"LINESTRING(174.76068 -36.8016,174.76062 -36.80142,174.76047 -36.80113)"
390,606133956,Entries,"LINESTRING(174.76022 -36.80076,174.76004 -36.80047)"
391,606133957,Entries,"LINESTRING(174.76004 -36.80047,174.75991 -36.80018)"
392,606133958,Entries,"LINESTRING(174.76022 -36.80076,174.75988 -36.80035,174.75981 -36.80027,174.75973 -36.8002)"
393,606179618,Entries,"LINESTRING(174.76154 -36.80169,174.76176 -36.80068)"
394,606179621,Entries,"LINESTRING(174.76119 -36.80013,174.76118 -36.80037,174.76116 -36.80052,174.76109 -36.80063,174.76096 -36.80073,174.76079 -36.80078,174.76063 -36.80077,174.76047 -36.80071,174.76036 -36.80062,174.7603 -36.8005,174.7603 -36.80036,174.76036 -36.80019,174.76085 -36.79972)"
395,606247578,Entries,"LINESTRING(174.75989 -36.80184,174.76008 -36.80168,174.76011 -36.80162,174.76011 -36.80155,174.76009 -36.80149,174.75981 -36.80124)"
396,606247579,Entries,"LINESTRING(174.75912 -36.80135,174.7592 -36.80136,174.75938 -36.80147,174.75943 -36.80148,174.75948 -36.80146,174.75981 -36.80124)"
397,606247584,Entries,"LINESTRING(174.75886 -36.80187,174.75904 -36.80178,174.75933 -36.80155)"
398,606247585,Entries,"LINESTRING(174.75886 -36.80187,174.75888 -36.80193,174.75886 -36.80199,174.75881 -36.80203,174.75874 -36.80204,174.75867 -36.80203,174.75862 -36.80199,174.7586 -36.80193,174.75862 -36.80187,174.75867 -36.80183)"
399,606247586,Entries,"LINESTRING(174.75886 -36.80187,174.75881 -36.80183,174.75874 -36.80182)"
400,606247587,Entries,"LINESTRING(174.75867 -36.80183,174.75874 -36.80182)"
401,606247589,Entries,"LINESTRING(174.75912 -36.80135,174.75903 -36.80132)"
402,606247591,Entries,"LINESTRING(174.75874 -36.80182,174.75881 -36.8017)"
403,606247592,Entries,"LINESTRING(174.75919 -36.80145,174.75912 -36.80135)"
404,606247593,Entries,"LINESTRING(174.75881 -36.8017,174.75919 -36.80145)"
405,606092257,Northern Mtwy,"LINESTRING(174.75138 -36.78574,174.751 -36.78514)"
406,606092276,Northern Mtwy,"LINESTRING(174.75118 -36.78576,174.7508 -36.78515)"
407,606127531,Northern Mtwy,"LINESTRING(174.751 -36.78514,174.75044 -36.78424)"
408,606132758,Northern Mtwy,"LINESTRING(174.75185 -36.78683,174.75118 -36.78576)"
409,606144982,419,"LINESTRING(174.75221 -36.78664,174.751 -36.78514)"
410,606144985,Northern Mtwy,"LINESTRING(174.75044 -36.78424,174.75025 -36.78394)"
411,606236297,Northern Busway,"LINESTRING(174.75161 -36.7848,174.75109 -36.78404)"
412,606236304,Northern Busway,"LINESTRING(174.75109 -36.78404,174.75159 -36.78388)"
413,606239749,Northern Busway,"LINESTRING(174.75124 -36.78497,174.75143 -36.78494,174.75156 -36.78488,174.75161 -36.7848)"
414,606244099,Northern Busway,"LINESTRING(174.75109 -36.78404,174.75104 -36.78398)"
415,606244110,Northern Busway,"LINESTRING(174.75104 -36.78398,174.75088 -36.78372,174.75077 -36.78369,174.75049 -36.78376)"
